Workbook

Sheet Components Map
A1: Newsletter Agent — Components Map
A2: Weekly flow of the Indian-startup newsletter agent · read left to right, then down the Output column · one arrow = one hand-off
A4: Actor | B4: Trigger | C4: Input | D4: Context | E4: Processing | F4: AI | G4: Output
A5: VERCEL CRON (Scheduler) | B5: 1 · TRIGGER Cron fires with no human: Mon–Wed to collect, Wed 2:30 PM to select.
A6: GEMINI FLASH (AI) | F6: 5 · SELECT + WRITE (AI) Gemini picks 8–10 stories + backups (high signal, 3+ topics, none in last 4 issues) and drafts 2–3 lines each in Shreya's voice.
A7: BACKEND (Next.js · code) | C7: 2 · INPUT Pulls 20 RSS feeds + 5 GNews queries. Stores every article in Neon (title, URL, date, source). | E7: 4 · PROCESS (code) Dedupes by URL + title match within the week; drops anything in the last 4 issues. Marks new or seen. | G7: 6 · OUTPUT (draft) Code checks the pick (count, 3+ topics, no repeats, facts in source), re-asks Gemini if it fails. Saves draft, sends to Telegram Wed 6 PM.
A8: NEON POSTGRES (Database) | D8: 3 · CONTEXT Feeds steps 4 + 5. Returns last 4 issues, this week's articles + style guide (seeded with sample data).
A9: REVIEW GATE (Shreya · Telegram) | G9: 7 · DECIDE (human) Shreya keeps, edits, swaps or removes each story (Telegram or web Desk), then confirms. No confirm by 10 PM → reminder.
A10: SEND GATE (Code · approval check) | G10: 8 · GATE (code) Thu 8 AM: passes only if status = confirmed and text unchanged since. Else holds + alerts her.
A11: RESEND (Email) | G11: 9 · OUTPUT (send) Builds HTML email with unsubscribe link, sends (demo: own inbox). Resend bounce webhook + unsubscribes update the Neon list.
A13: Problems covered | B13: P12 | C13: P1 · P2 (store) | D13: P11 | E13: P2 | F13: P3 · P4 | G13: P3 · P5 · P6 · P7 · P8 · P9 · P10
A15: Legend | B15: Trigger | C15: Input | D15: Context / DB | E15: Code step | F15: AI step | G15: Human step | H15: Output
A17: Only six column headers are used (Trigger, Input, Context, Processing, AI, Output). Everything after the AI is a stacked chain in the Output column: draft → Shreya decides → code gate → send.
A18: Loops not drawn, to keep one arrow per step: Swap on Telegram pulls a backup story from the bench (commentary already written in step 5). Any edit after confirming sends the draft back to step 7.
A19: Public URL is Shreya's Editor's Desk (same issue as Telegram) plus status, archive, unsubscribe page and the Telegram + Resend webhooks; these sit outside the weekly flow. The Wed 6 PM, Wed 10 PM (never early) and Thu 8 AM triggers, and a Wed 1:30 PM pre-curate ingest, are further cron calls from the same scheduler.
A20: How to edit: cut/paste a box into the right actor row and stage column, then drag the arrow ends. Arrows are shapes, so they do not move with cells. The 'Examiner review' tab re-checks placement live.

Sheet Examiner review
A1: Examiner review — devil's advocate check
A2: Part A re-checks box placement with formulas (edit the map and these update). Part B is the written cross-examination.
A4: Part A · Placement check
A5: Step | B5: Expected cell | C5: Row # | D5: Col # | E5: Actor found at that row | F5: Stage found at that col | G5: Box in that cell? | H5: Arrow to next step | I5: Result
A6: 1 | B6: B5 | C6: 5 | D6: 2 | E6: =SUBSTITUTE(INDEX('Components Map'!$A$5:$A$11,C6-4),CHAR(10)," ") -> VERCEL CRON (Scheduler) | F6: =INDEX('Components Map'!$B$4:$G$4,D6-1) -> Trigger | G6: =IF(LEFT(INDEX('Components Map'!$B$5:$G$11,C6-4,D6-1),LEN(A6&" ·"))=A6&" ·","Yes","NO") -> Yes | H6: B5 → right, then down → C7 | I6: =IF(G6="Yes","OK","MISPLACED") -> OK
A7: 2 | B7: C7 | C7: 7 | D7: 3 | E7: =SUBSTITUTE(INDEX('Components Map'!$A$5:$A$11,C7-4),CHAR(10)," ") -> BACKEND (Next.js · code) | F7: =INDEX('Components Map'!$B$4:$G$4,D7-1) -> Input | G7: =IF(LEFT(INDEX('Components Map'!$B$5:$G$11,C7-4,D7-1),LEN(A7&" ·"))=A7&" ·","Yes","NO") -> Yes | H7: C7 → right, then down → D8 | I7: =IF(G7="Yes","OK","MISPLACED") -> OK
A8: 3 | B8: D8 | C8: 8 | D8: 4 | E8: =SUBSTITUTE(INDEX('Components Map'!$A$5:$A$11,C8-4),CHAR(10)," ") -> NEON POSTGRES (Database) | F8: =INDEX('Components Map'!$B$4:$G$4,D8-1) -> Context | G8: =IF(LEFT(INDEX('Components Map'!$B$5:$G$11,C8-4,D8-1),LEN(A8&" ·"))=A8&" ·","Yes","NO") -> Yes | H8: D8 → right, then up → E7 | I8: =IF(G8="Yes","OK","MISPLACED") -> OK
A9: 4 | B9: E7 | C9: 7 | D9: 5 | E9: =SUBSTITUTE(INDEX('Components Map'!$A$5:$A$11,C9-4),CHAR(10)," ") -> BACKEND (Next.js · code) | F9: =INDEX('Components Map'!$B$4:$G$4,D9-1) -> Processing | G9: =IF(LEFT(INDEX('Components Map'!$B$5:$G$11,C9-4,D9-1),LEN(A9&" ·"))=A9&" ·","Yes","NO") -> Yes | H9: E7 → right, then up → F6 | I9: =IF(G9="Yes","OK","MISPLACED") -> OK
A10: 5 | B10: F6 | C10: 6 | D10: 6 | E10: =SUBSTITUTE(INDEX('Components Map'!$A$5:$A$11,C10-4),CHAR(10)," ") -> GEMINI FLASH (AI) | F10: =INDEX('Components Map'!$B$4:$G$4,D10-1) -> AI | G10: =IF(LEFT(INDEX('Components Map'!$B$5:$G$11,C10-4,D10-1),LEN(A10&" ·"))=A10&" ·","Yes","NO") -> Yes | H10: F6 → right, then down → G7 | I10: =IF(G10="Yes","OK","MISPLACED") -> OK
A11: 6 | B11: G7 | C11: 7 | D11: 7 | E11: =SUBSTITUTE(INDEX('Components Map'!$A$5:$A$11,C11-4),CHAR(10)," ") -> BACKEND (Next.js · code) | F11: =INDEX('Components Map'!$B$4:$G$4,D11-1) -> Output | G11: =IF(LEFT(INDEX('Components Map'!$B$5:$G$11,C11-4,D11-1),LEN(A11&" ·"))=A11&" ·","Yes","NO") -> Yes | H11: G7 → straight down → G9 | I11: =IF(G11="Yes","OK","MISPLACED") -> OK
A12: 7 | B12: G9 | C12: 9 | D12: 7 | E12: =SUBSTITUTE(INDEX('Components Map'!$A$5:$A$11,C12-4),CHAR(10)," ") -> REVIEW GATE (Shreya · Telegram) | F12: =INDEX('Components Map'!$B$4:$G$4,D12-1) -> Output | G12: =IF(LEFT(INDEX('Components Map'!$B$5:$G$11,C12-4,D12-1),LEN(A12&" ·"))=A12&" ·","Yes","NO") -> Yes | H12: G9 → straight down → G10 | I12: =IF(G12="Yes","OK","MISPLACED") -> OK
A13: 8 | B13: G10 | C13: 10 | D13: 7 | E13: =SUBSTITUTE(INDEX('Components Map'!$A$5:$A$11,C13-4),CHAR(10)," ") -> SEND GATE (Code · approval check) | F13: =INDEX('Components Map'!$B$4:$G$4,D13-1) -> Output | G13: =IF(LEFT(INDEX('Components Map'!$B$5:$G$11,C13-4,D13-1),LEN(A13&" ·"))=A13&" ·","Yes","NO") -> Yes | H13: G10 → straight down → G11 | I13: =IF(G13="Yes","OK","MISPLACED") -> OK
A14: 9 | B14: G11 | C14: 11 | D14: 7 | E14: =SUBSTITUTE(INDEX('Components Map'!$A$5:$A$11,C14-4),CHAR(10)," ") -> RESEND (Email) | F14: =INDEX('Components Map'!$B$4:$G$4,D14-1) -> Output | G14: =IF(LEFT(INDEX('Components Map'!$B$5:$G$11,C14-4,D14-1),LEN(A14&" ·"))=A14&" ·","Yes","NO") -> Yes | H14: End | I14: =IF(G14="Yes","OK","MISPLACED") -> OK
A16: Boxes per stage column
A17: Stage | C17: Expected | D17: Found | E17: Result
A18: 1 | B18: Trigger | C18: 1 | D18: =COUNTA('Components Map'!B5:B11) -> 1 | E18: =IF(C18=D18,"OK","CHECK") -> OK
A19: 2 | B19: Input | C19: 1 | D19: =COUNTA('Components Map'!C5:C11) -> 1 | E19: =IF(C19=D19,"OK","CHECK") -> OK
A20: 3 | B20: Context | C20: 1 | D20: =COUNTA('Components Map'!D5:D11) -> 1 | E20: =IF(C20=D20,"OK","CHECK") -> OK
A21: 4 | B21: Processing | C21: 1 | D21: =COUNTA('Components Map'!E5:E11) -> 1 | E21: =IF(C21=D21,"OK","CHECK") -> OK
A22: 5 | B22: AI | C22: 1 | D22: =COUNTA('Components Map'!F5:F11) -> 1 | E22: =IF(C22=D22,"OK","CHECK") -> OK
A23: 6 | B23: Output | C23: 4 | D23: =COUNTA('Components Map'!G5:G11) -> 4 | E23: =IF(C23=D23,"OK","CHECK") -> OK
B24: Total boxes on map (must be 9) | D24: =COUNTA('Components Map'!B5:G11) -> 9
A25: Overall: | B25: =IF(AND(COUNTIF(I6:I14,"OK")=9,COUNTIF(E18:E23,"OK")=6,D24=9),"ALL PLACEMENT CHECKS PASS","CHECK FAILED — see rows above") -> ALL PLACEMENT CHECKS PASS
A28: Part B · Cross-examination
A29: # | B29: Examiner question | C29: Verdict | E29: Evidence on the map | H29: Why it matters / fix
A30: 1 | B30: Is every step in the right actor row and stage column? | C30: PASS | E30: Part A formulas: 9/9 boxes in the expected cells; column counts match 1-1-1-1-1-4. | H30: Re-run by editing the map; the check updates itself.
A31: 2 | B31: Only six column headers — does the flow still read sequentially? | C31: PASS | E31: Steps 1–5 move one column right each. Steps 6–9 run down the Output column. | H31: Arrows: 5 elbows, 3 straight down. No branches.
A32: 3 | B32: Booklet: 'Gemini picks eight to ten stories'. Does Gemini do the selection? | C32: PASS | E32: Step 5: Gemini picks and writes. Step 6 code only validates and re-asks. | H32: Keep code as a checker, never the picker.
A33: 4 | B33: Booklet: 'storing each article'. Where are articles stored? | C33: PASS | E33: Step 2 writes every article to Neon; step 3 reads them back; step 4 dedupes. | H33: Store canonical URL, topic and week ID.
A34: 5 | B34: Dedupe within the week AND across the last 4 newsletters? | C34: PASS | E34: Step 4 compares inside the week and against the last 4 issues from step 3. | H34: Keep sent stories with issue IDs.
A35: 6 | B35: Can the AI send the newsletter? | C35: PASS | E35: AI box (5) only selects and drafts. Code gate (8) alone triggers Resend (9). | H35: Gemini gets no email tool.
A36: 7 | B36: Is 'never send without permission' enforceable, or a promise? | C36: PASS | E36: Step 8 is its own code box: status = confirmed AND text unchanged since confirm. | H36: Hash the final text at confirm time; compare at send.
A37: 8 | B37: Is the Output column overloaded with four boxes? | C37: WEAK | E37: Forced by the six fixed headers: draft, decision, gate and send all happen after the AI. | H37: Say in the report that Output is a time-ordered chain, read top to bottom.
A38: 9 | B38: Select and write in one AI box — doesn't that mix two jobs? | C38: WEAK | E38: Step 5 does selection and commentary in one call; a bad pick wastes the writing. | H38: One call returns JSON: picks, backups and commentary. Swaps reuse backup text, no second call.
A39: 10 | B39: 'High signal relative to this week's batch' — real or hand-waved? | C39: WEAK | E39: Step 5 says it, but picking article by article makes 'relative' meaningless. | H39: Send the whole batch (title + snippet) in ONE call and force structured output.
A40: 11 | B40: Can the model invent facts in Shreya's voice? | C40: WEAK | E40: Step 5 drafts commentary; nothing checks facts. | H40: Add a check in step 6: every number or name in the commentary must appear in the source article.
A41: 12 | B41: Booklet: reminder at Wednesday 10 PM. Where is it? | C41: WEAK | E41: Only in step 7's text; it is a separate cron call. | H41: Acceptable with the footnote; keep a distinct cron route for it.
... A47: 18 | B47: Gemini Flash only? | C47: PASS | E47: One AI box, Gemini Flash. Dedupe is code, not an embedding model. | H47: Keep the model ID in an environment variable.
A49: Overall: the flow is structurally correct and defensible within the six fixed columns. The weaknesses are documentation gaps (failure paths, the frontend's role, controls on AI output), not a wrong sequence. Fix the one GAP row (failure paths) and settle the Resend-versus-Gmail wording before submission.

Sheet Booklet check
A1: Booklet check — Problem Statement 17 vs the map
A2: Each requirement is paraphrased from the booklet. Status is after the fixes in this version.
A4: Booklet requirement | B4: Where on the map | C4: Status | D4: Note
A5: Mon to Wed: ingest from multiple RSS feeds and news API queries | B5: Step 1 trigger, step 2 input | C5: Covered | D5: Live data at run time.
A6: Store each article; no duplicates within a week | B6: Steps 2, 4 | C6: Covered | D6: Canonical URL + title match.
A7: No duplicates across the previous four newsletters | B7: Steps 3, 4 | C7: Covered | D7: Past issues read from Neon.
A8: Wednesday afternoon: Gemini selects 8 to 10 stories | B8: Step 5 | C8: Covered | D8: Gemini picks; code only validates (step 6).
A9: High signal-to-noise relative to this week's batch | B9: Step 5 | C9: Partial | D9: Needs the whole batch in one call to be genuinely relative.
A10: Not covered in the last four newsletters | B10: Steps 4, 5, 6 | C10: Covered | D10: Filtered before Gemini, checked after.
A11: Collectively span at least three topic areas | B11: Steps 5, 6 | C11: Covered | D11: Gemini aims for it; code enforces it.
A12: 2 to 3 lines of commentary in a documented style guide voice | B12: Steps 3, 5 | C12: Covered | D12: Style guide stored in Neon, passed to Gemini.
A13: Draft delivered to Shreya on Telegram by Wednesday evening | B13: Step 6 | C13: Covered | D13: Wed 6 PM.
A14: She edits, approves or swaps stories individually, then confirms | B14: Step 7 | C14: Covered | D14: Backups come from step 5.
A15: Never sends autonomously; waits for explicit confirmation | B15: Step 8 | C15: Covered | D15: Status + text-hash gate.
... A21: Deployed on Vercel with a public URL, GitHub link and Components Map | B21: Whole project | C21: Covered | D21: Footnote describes the public pages.
A23: Covered: | B23: =COUNTIF(C5:C21,"Covered") -> 13
A24: Partial: | B24: =COUNTIF(C5:C21,"Partial") -> 4
A25: Not covered: | B25: =COUNTA(A5:A21)-B23-B24 -> 0
